<?xml version="1.0" encoding="UTF-8"?>
<Flow xmlns="http://soap.sforce.com/2006/04/metadata">
    <actionCalls>
        <name>Bills_Due_Date_0</name>
        <label>Bills__c.Bills_Due_Date</label>
        <locationX>308</locationX>
        <locationY>288</locationY>
        <actionName>Bills__c.Bills_Due_Date</actionName>
        <actionType>emailAlert</actionType>
        <flowTransactionModel>CurrentTransaction</flowTransactionModel>
        <inputParameters>
            <name>SObjectRowId</name>
            <value>
                <elementReference>$Record.Id</elementReference>
            </value>
        </inputParameters>
    </actionCalls>
    <apiVersion>55.0</apiVersion>
    <description>Migrated from the: Due Date workflow rule
Workflow rule description: &quot;</description>
    <label>Due Date</label>
    <processMetadataValues>
        <name>BuilderType</name>
        <value>
            <stringValue>LightningFlowBuilder</stringValue>
        </value>
    </processMetadataValues>
    <processMetadataValues>
        <name>CanvasMode</name>
        <value>
            <stringValue>AUTO_LAYOUT_CANVAS</stringValue>
        </value>
    </processMetadataValues>
    <processType>AutoLaunchedFlow</processType>
    <start>
        <locationX>50</locationX>
        <locationY>0</locationY>
        <object>Bills__c</object>
        <recordTriggerType>CreateAndUpdate</recordTriggerType>
        <scheduledPaths>
            <name>ScheduledPath1</name>
            <connector>
                <targetReference>Bills_Due_Date_0</targetReference>
            </connector>
            <label>ScheduledPath1</label>
            <offsetNumber>-7</offsetNumber>
            <offsetUnit>Days</offsetUnit>
            <recordField>pay_before__c</recordField>
            <timeSource>RecordField</timeSource>
        </scheduledPaths>
        <triggerType>RecordAfterSave</triggerType>
    </start>
    <status>Active</status>
</Flow>
