<?xml version="1.0" encoding="UTF-8"?>
<Workflow xmlns="http://soap.sforce.com/2006/04/metadata">
    <alerts>
        <fullName>Bills_Due_Date</fullName>
        <description>Bills Due Date</description>
        <protected>false</protected>
        <recipients>
            <recipient>imbradesigns@gmail.com.buser</recipient>
            <type>user</type>
        </recipients>
        <senderType>CurrentUser</senderType>
        <template>unfiled$public/Due_Date</template>
    </alerts>
    <alerts>
        <fullName>Email_for_Bills_Due_Date</fullName>
        <description>Email for Bills Due Date</description>
        <protected>false</protected>
        <recipients>
            <recipient>imbradesigns@gmail.com.buser</recipient>
            <type>user</type>
        </recipients>
        <senderType>CurrentUser</senderType>
        <template>unfiled$public/Due_Date</template>
    </alerts>
    <rules>
        <fullName>Due Date</fullName>
        <actions>
            <name>Bills_Due_Date</name>
            <type>Alert</type>
        </actions>
        <active>false</active>
        <criteriaItems>
            <field>Bills__c.paid__c</field>
            <operation>equals</operation>
            <value>False</value>
        </criteriaItems>
        <triggerType>onCreateOrTriggeringUpdate</triggerType>
        <workflowTimeTriggers>
            <offsetFromField>Bills__c.pay_before__c</offsetFromField>
            <timeLength>-7</timeLength>
            <workflowTimeTriggerUnit>Days</workflowTimeTriggerUnit>
        </workflowTimeTriggers>
    </rules>
</Workflow>
